{
  "count": 500,
  "psnr_mean": 16.14206748727463,
  "psnr_std": 3.0290643151179197,
  "ssim_mean": 0.519408523103172,
  "ssim_std": 0.16932383450264887,
  "lpips_mean": 0.3071658052802086,
  "lpips_std": 0.1109191063435909,
  "model": "enlightengan",
  "dataset": "nikon",
  "timestamp": "2026-06-21 16:04:48"
}