{
  "count": 500,
  "psnr_mean": 16.02874215846271,
  "psnr_std": 2.8926624472957996,
  "ssim_mean": 0.4990543314306571,
  "ssim_std": 0.16242154036192674,
  "lpips_mean": 0.38436898291110994,
  "lpips_std": 0.11954489901424278,
  "model": "enlightengan",
  "dataset": "nikon",
  "timestamp": "2026-06-21 18:00:53"
}