{
  "count": 500,
  "psnr_mean": 13.649424352427149,
  "psnr_std": 3.3553078997789125,
  "ssim_mean": 0.48565205561163893,
  "ssim_std": 0.16766333086363674,
  "lpips_mean": 0.41070798349380494,
  "lpips_std": 0.1183326297799034,
  "model": "colie",
  "dataset": "huawei",
  "timestamp": "2026-06-21 16:34:07"
}