{
  "count": 500,
  "psnr_mean": 14.803411683511579,
  "psnr_std": 3.7783676604198906,
  "ssim_mean": 0.5438579517139195,
  "ssim_std": 0.17386310358156395,
  "lpips_mean": 0.3713884854018688,
  "lpips_std": 0.11280412390932351,
  "model": "colie",
  "dataset": "huawei",
  "timestamp": "2026-06-21 18:29:41"
}