{
  "count": 500,
  "psnr_mean": 14.069641661076636,
  "psnr_std": 3.639055172414577,
  "ssim_mean": 0.4732741188659264,
  "ssim_std": 0.16965853622752722,
  "lpips_mean": 0.3924118468761444,
  "lpips_std": 0.1185667802699865,
  "model": "colie",
  "dataset": "nikon",
  "timestamp": "2026-06-21 18:41:40"
}