{
  "count": 500,
  "psnr_mean": 13.441249413767322,
  "psnr_std": 3.430133790961737,
  "ssim_mean": 0.4460406740727016,
  "ssim_std": 0.15795922256440448,
  "lpips_mean": 0.4551274471580982,
  "lpips_std": 0.1279795422832635,
  "model": "colie",
  "dataset": "nikon",
  "timestamp": "2026-06-21 16:47:14"
}