{
  "count": 500,
  "psnr_mean": 11.83240022292304,
  "psnr_std": 1.9075265163932733,
  "ssim_mean": 0.2999893428820479,
  "ssim_std": 0.12446305164623632,
  "lpips_mean": 0.4563227689266205,
  "lpips_std": 0.09853816108203857,
  "model": "colie",
  "dataset": "fivek",
  "timestamp": "2026-06-21 18:17:43"
}