{
  "count": 500,
  "psnr_mean": 15.068388154109792,
  "psnr_std": 1.6545571654762516,
  "ssim_mean": 0.4094824642982389,
  "ssim_std": 0.13546745180219996,
  "lpips_mean": 0.46008609229326247,
  "lpips_std": 0.1066238284505856,
  "model": "enlightengan",
  "dataset": "fivek",
  "timestamp": "2026-06-21 17:53:14"
}